Function ID,X1,X2,X3,X4,X5,X6,X7,X8
1,0.630822,0.662337,,,,,,
2,0.15427,0.34362,,,,,,
3,0.802457,0.736185,0.510802,,,,,
4,0.371967,0.308509,0.271705,0.299497,,,,
5,0.317247,0.69002,0.262847,0.360195,,,,
6,0.69159,0.163316,0.826321,0.658325,0.024349,,,
7,0.126848,0.488881,0.177645,0.336104,0.37778,0.643095,,
8,0.148162,0.138482,0.108206,0.709595,0.743266,0.027662,0.21235,0.082593
